{"twilight sparkle": {"spike": 1514, "applejack": 771, "apple bloom": 102, "rainbow dash": 895, "rarity": 649, "fluttershy": 677, "pinkie pie": 918, "mayor mare": 18, "nightmare moon": 27, "princess celestia": 260, "mrs. cake": 9, "big mcintosh": 11, "snips": 4, "snails": 4, "trixie": 69, "zecora": 57, "scootaloo": 44, "diamond tiara": 9, "hoity toity": 2, "cheerilee": 13, "sweetie belle": 65, "cutie mark crusaders": 17, "rover": 1, "photo finish": 3, "mr. cake": 2, "discord": 149, "granny smith": 2, "pipsqueak": 12, "princess luna": 88, "fancy pants": 8, "flam": 15, "flim": 16, "garble": 10, "bulk biceps": 3, "shining armor": 120, "princess cadance": 143, "queen chrysalis": 13, "spitfire": 7, "ms. peachbottom": 22, "daring do": 1, "soarin": 3, "cheese sandwich": 3, "matilda": 1, "silver spoon": 4, "maud pie": 16, "lord tirek": 23, "double diamond": 6, "starlight glimmer": 432, "sugar belle": 7, "prince rutherford": 13, "moon dancer": 54, "sassy saddles": 5, "young rainbow dash": 17, "sunburst": 40, "princess ember": 2, "zephyr breeze": 4, "thorax": 9, "vapor trail": 12, "sky stinger": 12, "ember": 11, "iron will": 25, "star swirl the bearded": 37, "rockhoof": 36, "neighsay": 33, "sandbar": 11, "silverstream": 13, "gallus": 16, "smolder": 15, "yona": 9, "ocellus": 7, "cozy glow": 17, "chancellor neighsay": 10, "lightning dust": 2, "sludge": 11, "tempest shadow": 22, "capper": 8, "princess skystar": 9, "the storm king": 6}, "rainbow dash": {"twilight sparkle": 895, "nightmare moon": 4, "applejack": 666, "spike": 179, "fluttershy": 530, "rarity": 506, "pinkie pie": 696, "sweetie drops": 1, "gilda": 56, "granny smith": 32, "trixie": 18, "apple bloom": 35, "zecora": 5, "princess celestia": 17, "mayor mare": 6, "diamond tiara": 3, "silver spoon": 2, "spitfire": 136, "braeburn": 6, "scootaloo": 221, "young rainbow dash": 4, "cutie mark crusaders": 11, "soarin": 43, "discord": 95, "snips": 3, "mr. cake": 3, "derpy": 6, "flam": 2, "flim": 3, "daring do": 52, "bulk biceps": 14, "rumble": 1, "mrs. cake": 3, "sweetie belle": 21, "princess luna": 12, "shining armor": 12, "lightning dust": 60, "princess cadance": 9, "ms. peachbottom": 12, "dr. caballeron": 15, "cheese sandwich": 13, "maud pie": 13, "lord tirek": 4, "double diamond": 7, "starlight glimmer": 72, "sugar belle": 5, "matilda": 1, "filthy rich": 3, "sassy saddles": 3, "big mcintosh": 6, "sunburst": 1, "zephyr breeze": 32, "quibble pants": 72, "cheerilee": 4, "snails": 5, "sky stinger": 17, "vapor trail": 24, "bow hothoof": 7, "windy whistles": 10, "garble": 12, "star swirl the bearded": 6, "sandbar": 10, "gallus": 5, "goldie delicious": 12, "silverstream": 5, "ocellus": 13, "yona": 7, "smolder": 8, "rockhoof": 1, "cozy glow": 1, "tempest shadow": 3, "capper": 7}, "pinkie pie": {"twilight sparkle": 918, "applejack": 569, "spike": 198, "mayor mare": 13, "rarity": 483, "rainbow dash": 696, "princess celestia": 14, "princess luna": 19, "fluttershy": 340, "sweetie drops": 1, "mrs. cake": 35, "mr. cake": 29, "gilda": 79, "zecora": 18, "apple bloom": 45, "photo finish": 1, "braeburn": 1, "scootaloo": 18, "sweetie belle": 6, "spitfire": 9, "discord": 44, "pipsqueak": 4, "derpy": 2, "flim": 1, "cheerilee": 8, "matilda": 4, "cranky doodle donkey": 106, "iron will": 18, "big mcintosh": 7, "princess cadance": 10, "shining armor": 8, "trixie": 2, "ms. peachbottom": 3, "granny smith": 17, "goldie delicious": 5, "bulk biceps": 3, "cheese sandwich": 50, "diamond tiara": 1, "maud pie": 192, "double diamond": 1, "starlight glimmer": 101, "sugar belle": 6, "prince rutherford": 114, "moon dancer": 1, "sunburst": 1, "snails": 7, "dr. caballeron": 1, "daring do": 15, "star swirl the bearded": 3, "sandbar": 4, "mudbriar": 61, "smolder": 1, "ocellus": 2, "cutie mark crusaders": 1, "yona": 1, "rockhoof": 3, "sludge": 4, "chancellor neighsay": 1, "lord tirek": 6, "tempest shadow": 5, "capper": 6, "princess skystar": 8, "the storm king": 4}, "applejack": {"spike": 238, "twilight sparkle": 771, "granny smith": 139, "pinkie pie": 569, "rainbow dash": 666, "nightmare moon": 1, "mayor mare": 13, "rarity": 730, "fluttershy": 389, "princess celestia": 16, "big mcintosh": 92, "mr. cake": 2, "mrs. cake": 6, "gilda": 1, "trixie": 10, "apple bloom": 428, "zecora": 14, "diamond tiara": 2, "hoity toity": 13, "sweetie belle": 51, "scootaloo": 46, "cutie mark crusaders": 8, "snips": 1, "braeburn": 36, "young applejack": 2, "soarin": 4, "spitfire": 2, "discord": 41, "princess luna": 14, "pipsqueak": 1, "flim": 36, "flam": 19, "shining armor": 8, "princess cadance": 8, "queen chrysalis": 2, "babs seed": 9, "lightning dust": 2, "ms. peachbottom": 4, "goldie delicious": 16, "bulk biceps": 1, "maud pie": 13, "lord tirek": 4, "double diamond": 3, "starlight glimmer": 58, "sugar belle": 5, "trouble shoes": 2, "prince rutherford": 3, "sassy saddles": 3, "cheerilee": 3, "snails": 6, "gladmane": 16, "filthy rich": 3, "photo finish": 10, "rockhoof": 12, "sunburst": 3, "star swirl the bearded": 2, "yona": 7, "smolder": 9, "gallus": 7, "ocellus": 3, "silverstream": 5, "sandbar": 3, "sludge": 3, "cozy glow": 1, "capper": 5, "princess skystar": 3, "the storm king": 1, "tempest shadow": 1}, "rarity": {"spike": 326, "twilight sparkle": 649, "mayor mare": 5, "pinkie pie": 483, "applejack": 730, "fluttershy": 492, "rainbow dash": 506, "gilda": 1, "trixie": 8, "zecora": 44, "hoity toity": 8, "princess celestia": 19, "sweetie belle": 288, "cutie mark crusaders": 7, "rover": 34, "photo finish": 26, "sweetie drops": 6, "scootaloo": 16, "discord": 19, "apple bloom": 18, "fancy pants": 26, "mr. cake": 1, "granny smith": 2, "iron will": 4, "garble": 3, "princess cadance": 20, "shining armor": 11, "lightning dust": 1, "ms. peachbottom": 1, "bulk biceps": 2, "big mcintosh": 10, "maud pie": 54, "cheerilee": 5, "princess luna": 10, "sugar belle": 2, "starlight glimmer": 72, "double diamond": 1, "prince rutherford": 1, "sassy saddles": 83, "spitfire": 1, "soarin": 3, "princess ember": 5, "zephyr breeze": 10, "filthy rich": 3, "star swirl the bearded": 6, "sunburst": 1, "rockhoof": 6, "sandbar": 2, "gallus": 2, "queen chrysalis": 1, "cozy glow": 6, "smolder": 3, "flam": 9, "chancellor neighsay": 3, "flim": 5, "sludge": 4, "lord tirek": 1, "capper": 9, "tempest shadow": 3, "princess skystar": 2, "derpy": 16}, "spike": {"twilight sparkle": 1514, "applejack": 238, "rarity": 326, "fluttershy": 134, "pinkie pie": 198, "rainbow dash": 179, "mayor mare": 8, "gilda": 1, "snails": 7, "snips": 18, "trixie": 9, "zecora": 26, "big mcintosh": 56, "cutie mark crusaders": 2, "apple bloom": 36, "rover": 4, "photo finish": 1, "sweetie belle": 18, "mr. cake": 2, "mrs. cake": 4, "cheerilee": 6, "scootaloo": 23, "daring do": 1, "princess celestia": 42, "garble": 73, "rumble": 1, "shining armor": 27, "granny smith": 9, "discord": 166, "matilda": 1, "princess cadance": 47, "lord tirek": 4, "fancy pants": 14, "moon dancer": 1, "princess luna": 7, "derpy": 2, "starlight glimmer": 194, "young rainbow dash": 2, "nightmare moon": 4, "sunburst": 15, "princess ember": 34, "zephyr breeze": 1, "thorax": 51, "ember": 32, "sweetie drops": 1, "neighsay": 2, "gallus": 3, "sugar belle": 3, "smolder": 56, "silverstream": 2, "cranky doodle donkey": 1, "sandbar": 1, "rockhoof": 5, "yona": 3, "ocellus": 2, "sludge": 44, "cozy glow": 2, "chancellor neighsay": 1, "tempest shadow": 3, "capper": 4, "princess skystar": 1}, "fluttershy": {"spike": 134, "twilight sparkle": 677, "mayor mare": 2, "rainbow dash": 530, "applejack": 389, "rarity": 492, "pinkie pie": 340, "gilda": 7, "big mcintosh": 4, "cutie mark crusaders": 15, "sweetie belle": 31, "scootaloo": 29, "apple bloom": 23, "photo finish": 16, "braeburn": 3, "princess celestia": 32, "young rainbow dash": 1, "discord": 180, "princess luna": 21, "iron will": 26, "shining armor": 4, "snips": 1, "ms. peachbottom": 5, "dr. caballeron": 1, "daring do": 2, "bulk biceps": 10, "spitfire": 1, "soarin": 1, "cheese sandwich": 2, "zecora": 27, "mr. cake": 5, "mrs. cake": 2, "maud pie": 6, "lord tirek": 4, "double diamond": 2, "sugar belle": 2, "starlight glimmer": 41, "prince rutherford": 2, "granny smith": 11, "queen chrysalis": 1, "zephyr breeze": 62, "snails": 5, "gladmane": 11, "flam": 9, "flim": 19, "sunburst": 1, "star swirl the bearded": 2, "silverstream": 5, "sandbar": 1, "ocellus": 2, "smolder": 1, "yona": 1, "sludge": 1, "cozy glow": 1, "capper": 1, "tempest shadow": 1, "princess cadance": 1}, "apple bloom": {"twilight sparkle": 102, "applejack": 428, "rainbow dash": 35, "zecora": 27, "diamond tiara": 56, "cheerilee": 50, "silver spoon": 17, "sweetie drops": 2, "pinkie pie": 45, "scootaloo": 487, "sweetie belle": 467, "granny smith": 112, "big mcintosh": 127, "fluttershy": 23, "cutie mark crusaders": 26, "spike": 36, "mayor mare": 8, "rarity": 18, "flam": 3, "flim": 7, "snips": 1, "babs seed": 42, "goldie delicious": 6, "princess luna": 15, "braeburn": 1, "trouble shoes": 19, "pipsqueak": 13, "maud pie": 6, "mrs. cake": 7, "bulk biceps": 2, "gabby": 17, "bow hothoof": 3, "windy whistles": 1, "sugar belle": 4, "starlight glimmer": 4, "rockhoof": 1, "rumble": 12, "discord": 3, "cozy glow": 14, "chancellor neighsay": 1, "sandbar": 6, "smolder": 1}, "starlight glimmer": {"rainbow dash": 72, "double diamond": 21, "twilight sparkle": 432, "pinkie pie": 101, "applejack": 58, "rarity": 72, "fluttershy": 41, "sugar belle": 5, "spike": 194, "young rainbow dash": 7, "queen chrysalis": 11, "shining armor": 3, "sunburst": 178, "princess cadance": 6, "princess celestia": 37, "mrs. cake": 2, "big mcintosh": 3, "trixie": 338, "princess luna": 57, "thorax": 66, "discord": 48, "princess ember": 2, "garble": 7, "granny smith": 4, "maud pie": 44, "nightmare moon": 1, "apple bloom": 4, "ember": 11, "pharynx": 13, "zecora": 1, "star swirl the bearded": 10, "rockhoof": 2, "gallus": 2, "ocellus": 7, "mudbriar": 1, "firelight": 29, "stellar flare": 12, "cozy glow": 11, "scootaloo": 1, "sweetie belle": 1, "cutie mark crusaders": 1, "iron will": 1, "yona": 5, "cranky doodle donkey": 1, "sandbar": 2, "silverstream": 3}, "sweetie belle": {"silver spoon": 5, "scootaloo": 440, "apple bloom": 467, "rarity": 288, "cutie mark crusaders": 24, "fluttershy": 31, "applejack": 51, "cheerilee": 28, "twilight sparkle": 65, "pinkie pie": 6, "spike": 18, "granny smith": 11, "diamond tiara": 42, "snails": 3, "big mcintosh": 37, "mrs. cake": 5, "snips": 2, "rainbow dash": 21, "babs seed": 8, "pipsqueak": 15, "princess luna": 14, "braeburn": 1, "trouble shoes": 5, "bulk biceps": 5, "gabby": 11, "bow hothoof": 1, "sugar belle": 1, "rumble": 17, "discord": 3, "cozy glow": 15, "starlight glimmer": 1, "yona": 1}, "scootaloo": {"silver spoon": 8, "sweetie belle": 440, "diamond tiara": 26, "apple bloom": 487, "twilight sparkle": 44, "cutie mark crusaders": 24, "fluttershy": 29, "applejack": 46, "cheerilee": 19, "rarity": 16, "pinkie pie": 18, "rainbow dash": 221, "snails": 2, "snips": 5, "spike": 23, "granny smith": 7, "big mcintosh": 10, "babs seed": 10, "princess luna": 12, "pipsqueak": 4, "braeburn": 1, "trouble shoes": 5, "bulk biceps": 5, "spitfire": 11, "young rainbow dash": 1, "gabby": 29, "bow hothoof": 22, "windy whistles": 24, "sugar belle": 7, "rumble": 19, "cozy glow": 10, "sweetie drops": 3, "starlight glimmer": 1, "lightning dust": 23, "sandbar": 2}, "discord": {"princess celestia": 22, "rainbow dash": 95, "rarity": 19, "applejack": 41, "twilight sparkle": 149, "pinkie pie": 44, "fluttershy": 180, "spike": 166, "zecora": 1, "princess luna": 1, "princess cadance": 14, "lord tirek": 27, "shining armor": 1, "cutie mark crusaders": 2, "maud pie": 3, "big mcintosh": 13, "trixie": 39, "starlight glimmer": 48, "thorax": 11, "sunburst": 1, "apple bloom": 3, "sugar belle": 1, "sweetie belle": 3, "yona": 1, "sandbar": 2}, "trixie": {"snips": 12, "rarity": 8, "rainbow dash": 18, "snails": 11, "spike": 9, "twilight sparkle": 69, "applejack": 10, "pinkie pie": 2, "starlight glimmer": 338, "cranky doodle donkey": 1, "queen chrysalis": 2, "thorax": 36, "discord": 39, "granny smith": 9, "bulk biceps": 6, "pharynx": 12, "sunburst": 12, "maud pie": 3, "princess cadance": 2}, "princess celestia": {"applejack": 16, "twilight sparkle": 260, "pinkie pie": 14, "princess luna": 71, "rainbow dash": 17, "rarity": 19, "mrs. cake": 3, "fluttershy": 32, "mr. cake": 3, "discord": 22, "spike": 42, "princess cadance": 12, "queen chrysalis": 4, "shining armor": 2, "nightmare moon": 2, "lord tirek": 3, "sweetie drops": 1, "prince rutherford": 2, "sunburst": 4, "starlight glimmer": 37, "star swirl the bearded": 2, "thorax": 1, "sandbar": 1, "ember": 1, "neighsay": 1, "cozy glow": 1, "tempest shadow": 3}, "granny smith": {"applejack": 139, "rainbow dash": 32, "gilda": 1, "apple bloom": 112, "twilight sparkle": 2, "pipsqueak": 1, "sweetie belle": 11, "big mcintosh": 21, "filthy rich": 13, "diamond tiara": 4, "silver spoon": 2, "scootaloo": 7, "cheerilee": 5, "flam": 8, "flim": 10, "mayor mare": 1, "rarity": 2, "babs seed": 1, "spike": 9, "pinkie pie": 17, "goldie delicious": 7, "maud pie": 2, "fluttershy": 11, "young applejack": 44, "young big mcintosh": 6, "starlight glimmer": 4, "trixie": 9, "bulk biceps": 2}, "big mcintosh": {"applejack": 92, "twilight sparkle": 11, "fluttershy": 4, "mayor mare": 3, "apple bloom": 127, "spike": 56, "granny smith": 21, "flim": 3, "sweetie belle": 37, "cheerilee": 29, "mrs. cake": 2, "scootaloo": 10, "pinkie pie": 7, "babs seed": 1, "goldie delicious": 2, "rarity": 10, "zecora": 4, "princess luna": 1, "rainbow dash": 6, "starlight glimmer": 3, "discord": 13, "filthy rich": 1, "sugar belle": 37, "maud pie": 1}, "princess cadance": {"twilight sparkle": 143, "shining armor": 63, "applejack": 8, "rarity": 20, "pinkie pie": 10, "queen chrysalis": 12, "princess celestia": 12, "rainbow dash": 9, "discord": 14, "spike": 47, "princess luna": 9, "sweetie drops": 1, "fancy pants": 1, "starlight glimmer": 6, "sunburst": 3, "thorax": 2, "iron will": 4, "trixie": 2, "fluttershy": 1}, "maud pie": {"pinkie pie": 192, "rainbow dash": 13, "twilight sparkle": 16, "rarity": 54, "applejack": 13, "fluttershy": 6, "discord": 3, "granny smith": 2, "apple bloom": 6, "starlight glimmer": 44, "sunburst": 16, "trixie": 3, "mudbriar": 7, "big mcintosh": 1}, "princess luna": {"pinkie pie": 19, "princess celestia": 71, "twilight sparkle": 88, "fluttershy": 21, "applejack": 14, "pipsqueak": 8, "nightmare moon": 2, "shining armor": 1, "rainbow dash": 12, "scootaloo": 12, "discord": 1, "sweetie belle": 14, "rarity": 10, "princess cadance": 9, "lord tirek": 2, "apple bloom": 15, "spike": 7, "big mcintosh": 1, "starlight glimmer": 57, "sunburst": 1, "star swirl the bearded": 1, "cozy glow": 1, "tempest shadow": 2}, "sunburst": {"starlight glimmer": 178, "spike": 15, "pinkie pie": 1, "twilight sparkle": 40, "princess celestia": 4, "princess cadance": 3, "rainbow dash": 1, "shining armor": 2, "discord": 1, "trixie": 12, "maud pie": 16, "star swirl the bearded": 4, "princess luna": 1, "fluttershy": 1, "applejack": 3, "rockhoof": 1, "rarity": 1, "stellar flare": 26, "firelight": 6}, "shining armor": {"twilight sparkle": 120, "princess cadance": 63, "applejack": 8, "princess luna": 1, "spike": 27, "queen chrysalis": 4, "princess celestia": 2, "rarity": 11, "fluttershy": 4, "pinkie pie": 8, "rainbow dash": 12, "ms. peachbottom": 8, "discord": 1, "lord tirek": 3, "starlight glimmer": 3, "sunburst": 2, "thorax": 1, "iron will": 2}, "thorax": {"spike": 51, "twilight sparkle": 9, "princess cadance": 2, "shining armor": 1, "starlight glimmer": 66, "trixie": 36, "discord": 11, "queen chrysalis": 5, "ember": 35, "pharynx": 27, "silverstream": 3, "prince rutherford": 2, "princess celestia": 1}, "diamond tiara": {"cheerilee": 10, "apple bloom": 56, "silver spoon": 51, "rainbow dash": 3, "applejack": 2, "scootaloo": 26, "twilight sparkle": 9, "sweetie belle": 42, "granny smith": 4, "filthy rich": 1, "snips": 1, "babs seed": 6, "cutie mark crusaders": 7, "pinkie pie": 1, "pipsqueak": 5}, "flim": {"applejack": 36, "flam": 141, "pinkie pie": 1, "granny smith": 10, "big mcintosh": 3, "apple bloom": 7, "rainbow dash": 3, "mayor mare": 1, "twilight sparkle": 16, "fluttershy": 19, "gladmane": 11, "chancellor neighsay": 1, "star swirl the bearded": 5, "rarity": 5, "prince rutherford": 1}, "smolder": {"applejack": 9, "ember": 3, "silverstream": 25, "sandbar": 22, "yona": 23, "ocellus": 50, "fluttershy": 1, "twilight sparkle": 15, "gallus": 24, "prince rutherford": 2, "rainbow dash": 8, "spike": 56, "pinkie pie": 1, "rarity": 3, "rockhoof": 6, "cozy glow": 5, "sludge": 7, "apple bloom": 1}, "spitfire": {"soarin": 12, "rainbow dash": 136, "applejack": 2, "pinkie pie": 9, "lightning dust": 18, "twilight sparkle": 7, "fluttershy": 1, "rarity": 1, "scootaloo": 11, "sky stinger": 2, "vapor trail": 2, "bow hothoof": 2, "windy whistles": 2}, "flam": {"flim": 141, "rainbow dash": 2, "granny smith": 8, "apple bloom": 3, "applejack": 19, "twilight sparkle": 15, "mayor mare": 1, "fluttershy": 9, "gladmane": 15, "rarity": 9, "star swirl the bearded": 5}, "zecora": {"applejack": 14, "twilight sparkle": 57, "rainbow dash": 5, "pinkie pie": 18, "apple bloom": 27, "rarity": 44, "spike": 26, "pipsqueak": 3, "mayor mare": 1, "discord": 1, "fluttershy": 27, "big mcintosh": 4, "queen chrysalis": 2, "starlight glimmer": 1}, "cheerilee": {"diamond tiara": 10, "apple bloom": 50, "twilight sparkle": 13, "sweetie belle": 28, "snips": 6, "scootaloo": 19, "cutie mark crusaders": 2, "silver spoon": 1, "spike": 6, "filthy rich": 1, "granny smith": 5, "big mcintosh": 29, "pinkie pie": 8, "rarity": 5, "snails": 1, "rainbow dash": 4, "applejack": 3}, "gallus": {"prince rutherford": 1, "sandbar": 26, "ocellus": 26, "silverstream": 48, "yona": 21, "rainbow dash": 5, "starlight glimmer": 2, "applejack": 7, "twilight sparkle": 16, "smolder": 24, "neighsay": 1, "spike": 3, "rarity": 2, "rockhoof": 2, "cozy glow": 8, "chancellor neighsay": 1}, "cutie mark crusaders": {"scootaloo": 24, "sweetie belle": 24, "fluttershy": 15, "rarity": 7, "apple bloom": 26, "spike": 2, "applejack": 8, "twilight sparkle": 17, "cheerilee": 2, "rainbow dash": 11, "diamond tiara": 7, "babs seed": 1, "pipsqueak": 1, "trouble shoes": 2, "discord": 2, "gabby": 6, "sugar belle": 1, "rumble": 4, "pinkie pie": 1, "cozy glow": 2, "starlight glimmer": 1}, "sandbar": {"twilight sparkle": 11, "rainbow dash": 10, "smolder": 22, "gallus": 26, "ocellus": 20, "silverstream": 21, "fluttershy": 1, "pinkie pie": 4, "rarity": 2, "yona": 19, "princess celestia": 1, "applejack": 3, "discord": 2, "starlight glimmer": 2, "spike": 1, "rockhoof": 1, "cozy glow": 11, "chancellor neighsay": 8, "apple bloom": 6, "lord tirek": 2, "scootaloo": 2}, "ocellus": {"gallus": 26, "yona": 14, "sandbar": 20, "smolder": 50, "fluttershy": 2, "starlight glimmer": 7, "silverstream": 13, "twilight sparkle": 7, "prince rutherford": 1, "rainbow dash": 13, "applejack": 3, "pinkie pie": 2, "rockhoof": 2, "spike": 2, "cozy glow": 5, "chancellor neighsay": 1}, "cozy glow": {"apple bloom": 14, "scootaloo": 10, "sweetie belle": 15, "cutie mark crusaders": 2, "sweetie drops": 1, "mrs. cake": 2, "twilight sparkle": 17, "starlight glimmer": 11, "rarity": 6, "silverstream": 7, "gallus": 8, "sandbar": 11, "ocellus": 5, "yona": 8, "smolder": 5, "rainbow dash": 1, "fluttershy": 1, "spike": 2, "chancellor neighsay": 24, "lord tirek": 2, "princess celestia": 1, "princess luna": 1, "applejack": 1}, "silverstream": {"thorax": 3, "fluttershy": 5, "twilight sparkle": 13, "smolder": 25, "gallus": 48, "sandbar": 21, "yona": 12, "neighsay": 1, "ocellus": 13, "rainbow dash": 5, "applejack": 5, "spike": 2, "starlight glimmer": 3, "rockhoof": 3, "cozy glow": 7, "chancellor neighsay": 2}, "yona": {"prince rutherford": 1, "applejack": 7, "ocellus": 14, "smolder": 23, "gallus": 21, "silverstream": 12, "twilight sparkle": 9, "sandbar": 19, "fluttershy": 1, "neighsay": 2, "rainbow dash": 7, "iron will": 5, "starlight glimmer": 5, "discord": 1, "pinkie pie": 1, "rockhoof": 16, "spike": 3, "cozy glow": 8, "sweetie belle": 1, "chancellor neighsay": 1}, "prince rutherford": {"twilight sparkle": 13, "pinkie pie": 114, "applejack": 3, "fluttershy": 2, "rarity": 1, "mrs. cake": 1, "princess celestia": 2, "gallus": 1, "yona": 1, "neighsay": 2, "ember": 1, "thorax": 2, "ocellus": 1, "smolder": 2, "flim": 1}, "garble": {"spike": 73, "twilight sparkle": 10, "rarity": 3, "princess ember": 7, "starlight glimmer": 7, "rainbow dash": 12}, "gilda": {"rainbow dash": 56, "pinkie pie": 79, "granny smith": 1, "fluttershy": 7, "applejack": 1, "spike": 1, "rarity": 1}, "zephyr breeze": {"rainbow dash": 32, "fluttershy": 62, "rarity": 10, "twilight sparkle": 4, "spike": 1}, "cranky doodle donkey": {"pinkie pie": 106, "matilda": 19, "mayor mare": 2, "trixie": 1, "starlight glimmer": 1, "spike": 1}, "rockhoof": {"applejack": 12, "apple bloom": 1, "star swirl the bearded": 3, "sunburst": 1, "twilight sparkle": 36, "starlight glimmer": 2, "rarity": 6, "smolder": 6, "sandbar": 1, "ocellus": 2, "gallus": 2, "silverstream": 3, "yona": 16, "pinkie pie": 3, "spike": 5, "rainbow dash": 1}, "quibble pants": {"rainbow dash": 72, "dr. caballeron": 18, "daring do": 18}, "young applejack": {"applejack": 2, "granny smith": 44, "young big mcintosh": 34, "filthy rich": 30}, "daring do": {"rainbow dash": 52, "spike": 1, "dr. caballeron": 12, "twilight sparkle": 1, "fluttershy": 2, "quibble pants": 18, "pinkie pie": 15}, "lightning dust": {"spitfire": 18, "rainbow dash": 60, "rarity": 1, "bulk biceps": 2, "applejack": 2, "scootaloo": 23, "twilight sparkle": 2}, "queen chrysalis": {"twilight sparkle": 13, "princess cadance": 12, "applejack": 2, "shining armor": 4, "princess celestia": 4, "zecora": 2, "fluttershy": 1, "starlight glimmer": 11, "trixie": 2, "thorax": 5, "rarity": 1}, "star swirl the bearded": {"sunburst": 4, "pinkie pie": 3, "twilight sparkle": 37, "fluttershy": 2, "rainbow dash": 6, "rarity": 6, "rockhoof": 3, "applejack": 2, "starlight glimmer": 10, "princess celestia": 2, "princess luna": 1, "flim": 5, "flam": 5, "chancellor neighsay": 2}, "mayor mare": {"pinkie pie": 13, "fluttershy": 2, "rarity": 5, "twilight sparkle": 18, "applejack": 13, "spike": 8, "rainbow dash": 6, "big mcintosh": 3, "apple bloom": 8, "sweetie drops": 1, "zecora": 1, "derpy": 4, "granny smith": 1, "flim": 1, "flam": 1, "cranky doodle donkey": 2, "matilda": 2, "mrs. cake": 1}, "sugar belle": {"applejack": 5, "fluttershy": 2, "rainbow dash": 5, "pinkie pie": 6, "twilight sparkle": 7, "rarity": 2, "starlight glimmer": 5, "double diamond": 4, "sweetie belle": 1, "apple bloom": 4, "scootaloo": 7, "big mcintosh": 37, "cutie mark crusaders": 1, "spike": 3, "mrs. cake": 6, "discord": 1}, "iron will": {"fluttershy": 26, "pinkie pie": 18, "rarity": 4, "shining armor": 2, "twilight sparkle": 25, "princess cadance": 4, "starlight glimmer": 1, "yona": 5}, "mrs. cake": {"twilight sparkle": 9, "pinkie pie": 35, "applejack": 6, "mr. cake": 12, "princess celestia": 3, "spike": 4, "big mcintosh": 2, "sweetie belle": 5, "rainbow dash": 3, "fluttershy": 2, "prince rutherford": 1, "apple bloom": 7, "starlight glimmer": 2, "mayor mare": 1, "sugar belle": 6, "cozy glow": 2}, "ember": {"spike": 32, "starlight glimmer": 11, "twilight sparkle": 11, "thorax": 35, "smolder": 3, "neighsay": 3, "prince rutherford": 1, "princess celestia": 1}, "tempest shadow": {"princess celestia": 3, "twilight sparkle": 22, "princess luna": 2, "rainbow dash": 3, "pinkie pie": 5, "the storm king": 27, "spike": 3, "capper": 7, "rarity": 3, "applejack": 1, "fluttershy": 1}, "sassy saddles": {"rarity": 83, "twilight sparkle": 5, "applejack": 3, "rainbow dash": 3}, "snips": {"snails": 36, "twilight sparkle": 4, "trixie": 12, "spike": 18, "applejack": 1, "cheerilee": 6, "silver spoon": 1, "scootaloo": 5, "rainbow dash": 3, "sweetie belle": 2, "apple bloom": 1, "diamond tiara": 1, "fluttershy": 1}, "lord tirek": {"discord": 27, "twilight sparkle": 23, "princess luna": 2, "shining armor": 3, "princess celestia": 3, "applejack": 4, "fluttershy": 4, "rainbow dash": 4, "spike": 4, "rarity": 1, "cozy glow": 2, "pinkie pie": 6, "sandbar": 2}, "silver spoon": {"diamond tiara": 51, "apple bloom": 17, "rainbow dash": 2, "scootaloo": 8, "sweetie belle": 5, "cheerilee": 1, "snips": 1, "granny smith": 2, "babs seed": 3, "twilight sparkle": 4, "pipsqueak": 1}, "rumble": {"rainbow dash": 1, "spike": 1, "scootaloo": 19, "apple bloom": 12, "sweetie belle": 17, "cutie mark crusaders": 4}, "snails": {"spike": 7, "snips": 36, "twilight sparkle": 4, "trixie": 11, "sweetie belle": 3, "scootaloo": 2, "cheerilee": 1, "pinkie pie": 7, "applejack": 6, "rainbow dash": 5, "fluttershy": 5}, "sludge": {"smolder": 7, "spike": 44, "rarity": 4, "fluttershy": 1, "twilight sparkle": 11, "applejack": 3, "pinkie pie": 4}, "cheese sandwich": {"pinkie pie": 50, "rainbow dash": 13, "fluttershy": 2, "twilight sparkle": 3}, "babs seed": {"apple bloom": 42, "sweetie belle": 8, "scootaloo": 10, "diamond tiara": 6, "silver spoon": 3, "cutie mark crusaders": 1, "applejack": 9, "big mcintosh": 1, "granny smith": 1}, "gabby": {"apple bloom": 17, "sweetie belle": 11, "scootaloo": 29, "cutie mark crusaders": 6}, "soarin": {"spitfire": 12, "applejack": 4, "rainbow dash": 43, "fluttershy": 1, "twilight sparkle": 3, "bulk biceps": 1, "rarity": 3}, "pipsqueak": {"granny smith": 1, "twilight sparkle": 12, "pinkie pie": 4, "zecora": 3, "princess luna": 8, "applejack": 1, "nightmare moon": 1, "sweetie belle": 15, "diamond tiara": 5, "silver spoon": 1, "cutie mark crusaders": 1, "scootaloo": 4, "apple bloom": 13}, "filthy rich": {"granny smith": 13, "cheerilee": 1, "diamond tiara": 1, "rainbow dash": 3, "applejack": 3, "big mcintosh": 1, "young applejack": 30, "young big mcintosh": 9, "sweetie drops": 1, "rarity": 3}, "photo finish": {"twilight sparkle": 3, "rarity": 26, "fluttershy": 16, "pinkie pie": 1, "spike": 1, "sweetie drops": 1, "hoity toity": 7, "applejack": 10}, "bulk biceps": {"rainbow dash": 14, "twilight sparkle": 3, "lightning dust": 2, "fluttershy": 10, "pinkie pie": 3, "applejack": 1, "rarity": 2, "soarin": 1, "scootaloo": 5, "apple bloom": 2, "sweetie belle": 5, "trixie": 6, "granny smith": 2}, "fancy pants": {"rarity": 26, "twilight sparkle": 8, "spike": 14, "princess cadance": 1}, "goldie delicious": {"apple bloom": 6, "pinkie pie": 5, "applejack": 16, "granny smith": 7, "big mcintosh": 2, "rainbow dash": 12}, "moon dancer": {"twilight sparkle": 54, "spike": 1, "pinkie pie": 1}, "capper": {"twilight sparkle": 8, "applejack": 5, "rainbow dash": 7, "spike": 4, "pinkie pie": 6, "rarity": 9, "fluttershy": 1, "tempest shadow": 7, "princess skystar": 1, "the storm king": 4}, "mudbriar": {"pinkie pie": 61, "maud pie": 7, "starlight glimmer": 1}, "gladmane": {"fluttershy": 11, "applejack": 16, "flim": 11, "flam": 15}, "chancellor neighsay": {"rarity": 3, "twilight sparkle": 10, "flim": 1, "star swirl the bearded": 2, "spike": 1, "cozy glow": 24, "pinkie pie": 1, "sandbar": 8, "apple bloom": 1, "gallus": 1, "silverstream": 2, "yona": 1, "ocellus": 1}, "bow hothoof": {"scootaloo": 22, "windy whistles": 18, "rainbow dash": 7, "spitfire": 2, "sweetie belle": 1, "apple bloom": 3}, "mr. cake": {"pinkie pie": 29, "applejack": 2, "twilight sparkle": 2, "mrs. cake": 12, "princess celestia": 3, "spike": 2, "rainbow dash": 3, "rarity": 1, "fluttershy": 5}, "stellar flare": {"starlight glimmer": 12, "sunburst": 26, "firelight": 16}, "ms. peachbottom": {"rainbow dash": 12, "fluttershy": 5, "twilight sparkle": 22, "applejack": 4, "pinkie pie": 3, "rarity": 1, "shining armor": 8}, "princess ember": {"spike": 34, "rarity": 5, "garble": 7, "twilight sparkle": 2, "starlight glimmer": 2}, "vapor trail": {"sky stinger": 22, "rainbow dash": 24, "twilight sparkle": 12, "spitfire": 2}, "windy whistles": {"bow hothoof": 18, "scootaloo": 24, "rainbow dash": 10, "spitfire": 2, "apple bloom": 1}, "sky stinger": {"spitfire": 2, "rainbow dash": 17, "vapor trail": 22, "twilight sparkle": 12}, "braeburn": {"rainbow dash": 6, "applejack": 36, "fluttershy": 3, "pinkie pie": 1, "scootaloo": 1, "apple bloom": 1, "sweetie belle": 1}, "pharynx": {"trixie": 12, "thorax": 27, "starlight glimmer": 13}, "hoity toity": {"applejack": 13, "twilight sparkle": 2, "rarity": 8, "photo finish": 7}, "rover": {"spike": 4, "rarity": 34, "twilight sparkle": 1}, "derpy": {"rainbow dash": 6, "mayor mare": 4, "pinkie pie": 2, "matilda": 3, "spike": 2, "rarity": 16}, "dr. caballeron": {"rainbow dash": 15, "daring do": 12, "fluttershy": 1, "quibble pants": 18, "pinkie pie": 1}, "the storm king": {"tempest shadow": 27, "twilight sparkle": 6, "capper": 4, "pinkie pie": 4, "applejack": 1}, "sweetie drops": {"rainbow dash": 1, "pinkie pie": 1, "apple bloom": 2, "rarity": 6, "photo finish": 1, "mayor mare": 1, "princess cadance": 1, "princess celestia": 1, "spike": 1, "filthy rich": 1, "scootaloo": 3, "cozy glow": 1}, "firelight": {"starlight glimmer": 29, "stellar flare": 16, "sunburst": 6}, "trouble shoes": {"apple bloom": 19, "scootaloo": 5, "sweetie belle": 5, "cutie mark crusaders": 2, "applejack": 2}, "double diamond": {"twilight sparkle": 6, "applejack": 3, "fluttershy": 2, "pinkie pie": 1, "rainbow dash": 7, "starlight glimmer": 21, "sugar belle": 4, "rarity": 1}, "young rainbow dash": {"fluttershy": 1, "rainbow dash": 4, "spike": 2, "starlight glimmer": 7, "twilight sparkle": 17, "scootaloo": 1}, "nightmare moon": {"twilight sparkle": 27, "rainbow dash": 4, "applejack": 1, "pipsqueak": 1, "princess luna": 2, "princess celestia": 2, "spike": 4, "starlight glimmer": 1}, "matilda": {"pinkie pie": 4, "cranky doodle donkey": 19, "spike": 1, "twilight sparkle": 1, "derpy": 3, "rainbow dash": 1, "mayor mare": 2}, "neighsay": {"twilight sparkle": 33, "ember": 3, "silverstream": 1, "prince rutherford": 2, "gallus": 1, "spike": 2, "yona": 2, "princess celestia": 1}, "princess skystar": {"twilight sparkle": 9, "pinkie pie": 8, "applejack": 3, "rarity": 2, "capper": 1, "spike": 1}, "young big mcintosh": {"young applejack": 34, "granny smith": 6, "filthy rich": 9}}