name	title	coding
t3_qne2cy	Just submitted my application for fall 2022!!!	o
t3_ql6cz7	Grad preparation Winter 2022	o
t3_qp6cg0	Is there and art club or something that students from outside of fine arts can join?	o
t3_qq3qev	I need tutoring for engr 242 statics please send halp 🚀🚀🚀🚀🙏🏻🙏🏻🙏🏻	c
t3_qphn14	Chance of concentration mechanical Beng to Soen	c
t3_qo4ris	DISC on DISC date?	c
t3_qm78z3	Winter 2022 Schedule Advice	c
t3_qnqvld	How Prof Aimaan Hanna knows everyone name by face, even though all new students never met him ?	o
t3_qncmqz	Anyone know any good psychoanalysts around?	o
t3_qnf3mt	To do checklist on student centre after I applied (I'm international so it asks for like visa expense documents, etc), do I need to do it before or after I have a decision?	o
t3_qr12pu	US students what gpa did you have when you applied to concordia	o
t3_qnp9ug	Anyone down to play online games this weekend?	o
t3_qm3gfp	When looking at housing prices on the Concordia website, are the prices in CAD or USD?	r
t3_qqg6b9	How will theology department tests work when we return to school in January?	c
t3_qm1ai3	Discord link for SOEN	o
t3_qqi45f	Students who live alone. How you manage it out and what is your budget	o
t3_qobx60	Hi I am new to university today I drop math 204 tomorrow is our medterm is it effect on my GPA	c
t3_qlgutl	Can we Petition Removal Of A Prof From A Teaching Position?	c
t3_qlvcl8	How is Nicolas Lepage-Saucier as a teacher?	c
t3_qouo3n	COMM 205	c
t3_qmz7j7	Can anyone share the Econ 301 course outline with me?	c
t3_qq9nd3	Failed Math 208 Midterm	c
t3_ql7n1t	acco 230 midterm	c
t3_qou8a7	COMM 225 Midterm 2	c
t3_qq5d1b	COMP 335 Syllabus	c
t3_qqk482	How much financial aid money do I lose if I disc a class?	c
t3_qlk0x3	AERO 482 What is going on......	c
t3_qpr2og	Guys , what’s the best website/app to find apartments for rent for students?	r
t3_qoumus	Comm 215	c
t3_qplp47	Conconrdia Engr courses attendance policy	c
t3_qo26js	Permanent code international student.	o
t3_qly38g	COURSE QUESTION	c
t3_qlzy5z	About PHYS284	c
t3_qmdxoa	Gown	o
t3_qqb0oc	Comp 218	c
t3_qnb3i5	Is a tutor allowed to give a quiz after stating no quiz would be given?	c
t3_qptic5	What kind of phone do you use? (Survey for a class)	o
t3_qlcvar	btm 200 online	c
t3_qp4jb2	Canadian citizen ship	o
t3_qpvjxz	DISC Inquiry	c
t3_qp2lc5	SOS tutoring for Math 209	c
t3_qpyg82	Ontario Transfer to Concordia University	o
t3_qq7zbj	COMP 232 + 233 in one semester?	c
t3_qqpo5q	Don’t go to Concordia for arts	o
t3_qm5my8	looking for paid tutorials	o
t3_qpyqie	Question for CS students	c
t3_qpkgv0	Do you drink coffee in the morning?	o
t3_qoamk1	Comm 210 help	c
t3_qngpnq	MATH 204, MATH 205 delivery question	c
t3_qo1ena	Anyone down to practice leetcode and tech interview questions?	o
